{
  "timestamp": "20250628_094723",
  "analysis_summary": {
    "total_prototypes": 15,
    "total_sessions": 959,
    "total_subgraphs": 32318,
    "feature_dimension": 84,
    "best_weights": [
      0.5,
      0.3,
      0.2
    ],
    "best_model": "RandomForest",
    "best_f1_score": 0.2875816993464052
  },
  "model_results": {
    "RandomForest": {
      "confusion_matrix": {
        "tn": 157,
        "fp": 41,
        "fn": 68,
        "tp": 22
      },
      "metrics": {
        "overall_accuracy": 0.6215277777777778,
        "non_bullying_accuracy": 0.7929292929292929,
        "bullying_accuracy": 0.24444444444444444,
        "precision": 0.3492063492063492,
        "f1_score": 0.2875816993464052
      },
      "sample_distribution": {
        "total_samples": 288,
        "actual_bullying": 90,
        "actual_non_bullying": 198,
        "predicted_bullying": 63,
        "predicted_non_bullying": 225
      },
      "probability_analysis": {
        "bullying_prob_mean": 0.35273982346039073,
        "bullying_prob_std": 0.2189611624314053,
        "non_bullying_prob_mean": 0.326372651382663,
        "non_bullying_prob_std": 0.23759025787215854
      }
    },
    "LogisticRegression": {
      "confusion_matrix": {
        "tn": 168,
        "fp": 30,
        "fn": 75,
        "tp": 15
      },
      "metrics": {
        "overall_accuracy": 0.6354166666666666,
        "non_bullying_accuracy": 0.8484848484848485,
        "bullying_accuracy": 0.16666666666666666,
        "precision": 0.3333333333333333,
        "f1_score": 0.2222222222222222
      },
      "sample_distribution": {
        "total_samples": 288,
        "actual_bullying": 90,
        "actual_non_bullying": 198,
        "predicted_bullying": 45,
        "predicted_non_bullying": 243
      },
      "probability_analysis": {
        "bullying_prob_mean": 0.3607207307113408,
        "bullying_prob_std": 0.1979326355926809,
        "non_bullying_prob_mean": 0.2997916648090225,
        "non_bullying_prob_std": 0.18230314388038243
      }
    },
    "NeuralNetwork": {
      "confusion_matrix": {
        "tn": 179,
        "fp": 19,
        "fn": 77,
        "tp": 13
      },
      "metrics": {
        "overall_accuracy": 0.6666666666666666,
        "non_bullying_accuracy": 0.9040404040404041,
        "bullying_accuracy": 0.14444444444444443,
        "precision": 0.40625,
        "f1_score": 0.21311475409836064
      },
      "sample_distribution": {
        "total_samples": 288,
        "actual_bullying": 90,
        "actual_non_bullying": 198,
        "predicted_bullying": 32,
        "predicted_non_bullying": 256
      },
      "probability_analysis": {
        "bullying_prob_mean": 0.3351425528526306,
        "bullying_prob_std": 0.17010273039340973,
        "non_bullying_prob_mean": 0.2849313020706177,
        "non_bullying_prob_std": 0.1590660959482193
      }
    }
  }
}