{
  "extraction_timestamp": "2025-06-24T05:06:52.020633",
  "total_bullying_subgraphs": 10382,
  "size_distribution": {
    "5": 2312,
    "6": 2266,
    "7": 1560,
    "8": 1185,
    "9": 971,
    "10": 807,
    "11": 704,
    "12": 577
  },
  "emotion_score_stats": {
    "mean": -0.5029226519220331,
    "std": 0.08555385332456883,
    "min": -0.7699999999999998,
    "max": -0.40000589841015805
  }
}