{
  "bullying_mean": [
    1.0,
    1.5619847774505615,
    4.618650436401367,
    0.07124027609825134,
    5.579318523406982,
    10.269208908081055,
    1.2763087749481201,
    0.03407570347189903,
    0.9251694083213806
  ],
  "normal_mean": [
    0.0,
    0.0,
    5.387037754058838,
    0.0786864385008812,
    4.968434810638428,
    10.434159278869629,
    1.1043802499771118,
    0.029680360108613968,
    0.9139597415924072
  ],
  "effect_size": [
    100000000.0,
    3.1802971363067627,
    0.2635136842727661,
    0.028294656425714493,
    0.1827283501625061,
    0.056881558150053024,
    0.14137187600135803,
    0.08735088258981705,
    0.0411875881254673
  ],
  "feature_names": [
    "session_label",
    "bullying_score",
    "comment_count",
    "user_count",
    "word_count",
    "total_nodes",
    "edge_count",
    "density",
    "subgraph_type"
  ],
  "top_discriminative_features": [
    6,
    4,
    2,
    1,
    0
  ]
}