{
  "structure_weight": 0.255911801362078,
  "emotion_weight": 0.24045547293350272,
  "semantic_weight": 0.25433206116093743,
  "temporal_weight": 0.24930066454348188
}