{
  "structure_weight": 0.4703002849048228,
  "emotion_weight": 0.19206539180702986,
  "semantic_weight": 0.11439019407146334,
  "temporal_weight": 0.22324412921668393
}