{
  "structure_weight": 0.20193149742040986,
  "emotion_weight": 0.7086652165674971,
  "semantic_weight": 0.08924009222707564,
  "temporal_weight": 0.00016319378501745098
}